Dataset,Best m
Satellite Image,1
Satellite Image,4
Satellite Image,4
Satellite Image,9
Satellite Image,1
Satellite Image,6
Satellite Image,10
Satellite Image,17
Satellite Image,12
Satellite Image,26
Satellite Image,10
Satellite Image,17
Satellite Image,5
Satellite Image,6
Satellite Image,16
Satellite Image,10
Satellite Image,11
Satellite Image,1
Satellite Image,5
Satellite Image,5
Satellite Image,21
Satellite Image,3
Satellite Image,22
Satellite Image,22
Satellite Image,24
Satellite Image,4
Satellite Image,6
Satellite Image,12
Satellite Image,18
Satellite Image,25
Satellite Image,10
Satellite Image,6
Satellite Image,3
Satellite Image,13
Satellite Image,8
Satellite Image,16
Satellite Image,4
Satellite Image,11
Satellite Image,26
Satellite Image,14
Satellite Image,10
Satellite Image,16
Satellite Image,2
Satellite Image,17
Satellite Image,3
Satellite Image,8
Satellite Image,3
Satellite Image,11
Satellite Image,31
Satellite Image,16
